Workbook

Sheet 토지산출 (2)
B1: 클릭하고 복붙 | E1: 소재지 | F1: 지번 | G1: 지목 | H1: 면적 | I1: 공시지가 | J1: 이용상황 | K1: 지세 | L1: 형상 | M1: 방위 | N1: 용도지역 | O1: 접면 | P1: 용도지구 | Q1: 계획시설 | R1: 저촉률 | S1: 제한구역기타 | T1: 전년지가 | U1: 전전년지가 | V1: 비고 | X1: 태서
E2: 대림동 | F2: 746-5 | G2: 대 | H2: 136 | I2: 3389000 | J2: 단독 | K2: 평지 | L2: 세장형 | M2: 남서향 | N2: 2종일주 | O2: 세로(가) | Q2: 없음 | R2: 0 | S2: 교육 | T2: 3333000 | U2: 3283000 | V2: 2025년 | W2: =+V2/$E$2 -> #VALUE! | X2: 토지 | Y2: 6850000000 | Z2: =+Y2/$E$2 -> #VALUE!
B3: 기준시점 | C3: 46078
C4: 7040000 | X4: 주택 | Y4: 410000000 | AA4: 주택 | AB4: 440000000
B5: 결과 | C5: 단가 | D5: 총액 | E5: 토+건 | F5: 탁상 | G5: 격차율 | H5: 태서 | I5: 격차율
B6: 토지 | C6: =+G27 -> 7060000 | D6: =+C6*H2 -> 960160000 | E6: =+D6+D7 -> 962687000 | F6: =+Y8 -> #VALUE! | G6: =+E6/F6 -> #VALUE! | H6: 19000000 | I6: =+C6/H6 -> 0.37157895 | X6: 주택 외 | Y6: 80000000 | AA6: 주택 외 | AB6: 90000000
B7: 건물 | D7: =+[1]건물산출!P15 -> 2527000 | H7: =+[1]건물산출!K3 -> 0 | I7: =+D7/H7 -> #DIV/0! | X7: 건물 합 | Y7: =+Y6+Y4 -> 490000000 | AA7: 건물 합 | AB7: =+AB6+AB4 -> 530000000
X8: 총 합 | Y8: =+Y7+V2 -> #VALUE! | AA8: 총 합 | AB8: =+AB7+Y2 -> 7380000000
B9: 표준지 선정
B10: 선택 | C10: 공시_x000D_ 년도 | D10: 지역_x000D_ 코드 | E10: 일련_x000D_ 번호 | F10: 소재지 | G10: 지번 | H10: 지목 | I10: 면적 | J10: 일단구분 | K10: 이용상황 | L10: 이용상황기타 | M10: 용도지역1 | N10: 용도지역2 | O10: 공시지가 | P10: 주위환경 | Q10: 주위환경기타 | R10: 지리적위치1 | S10: 지리적위치2 | T10: 도로교통 | U10: 형상 | V10: 지세 | W10: 방위 | X10: 전년지가 | Y10: 2024년 | Z10: 2023년 | AA10: 2022년 | AB10: 2021년 | AC10: 계획시설 | AD10: 저촉률 | AE10: 기타제한1 | AF10: 기타제한2 | AG10: 용도지구 | AH10: 용도지구2 | AI10: 임야구분 | AJ10: 농지구분 | AK10: 유해철도 | AL10: 유해하수 | AM10: 경지정리 | AN10: 옥도구분 | AO10: 호가 | AP10: 용도1_x000D_ 면적 | AQ10: 용도1가격 | AR10: 용도2_x000D_ 면적 | AS10: 용도2가격 | AT10: A법인 | AU10: B법인 | AV10: 실거래 | AW10: 토지_x000D_ 등기 | AX10: 건물_x000D_ 등기 | AY10: 토지_x000D_ 대장 | AZ10: 건축물_x000D_ 대장 | BA10: 토지이용_x000D_ 계획 | BB10: 지적도
B11: 체크 | C11: 2026 | D11: 11560 | E11: 1098 | F11: 대림동 | G11: 746-3 | H11: 대 | I11: 126 | J11: 0 | K11: 단독주택 | M11: 2종일주 | N11: 없음 | O11: 3533000 | P11: 기존 주택지대 | R11: 도신초등학교 | S11: 서측인근 | T11: 세로(가) | U11: 세장형 | V11: 평지 | W11: 남서향 | X11: 3389000 | Y11: 3333000 | Z11: 3283000 | AA11: 3550000 | AB11: 3165000 | AC11: 없음 | AE11: 토지거래허가구역 | AF11: 교육환경보호구역 | AV11: y | AW11: n | AX11: n | AY11: n | AZ11: n | BA11: n | BB11: n
B13: 시점수정치 | C13: =VALUE(RIGHT(B14,7)) -> 1.00911 | J13: 그밖의 요인
B14: 서울특별시 영등포구 (26.01.01~26.02.25 ) (주거) 2026.01.01 ~ 2026.01.31 : 0.471 2026.02.01 ~ 2026.02.28 : 0.490 ( 1 + 0.00471 ) * ( 1 + 0.00490 * 25/28 ) ≒ 1.00911 | J14: 2 | K14: =+VLOOKUP(J14,$B$47:$AK$52,12,0) -> 6730000 | L14: =+VLOOKUP(J14,$B$47:$AK$52,17,0) -> 1.02952 | M14: =+P20 -> 1.02 | N14: =+PRODUCT(K14:M14) -> 7067243 | O14: =N14/N15 -> 1.9822931 | P14: =+ROUNDDOWN(O14,2) -> 1.98
J15: 표준지 | K15: =+O11 -> 3533000 | L15: =+C13 -> 1.00911 | M15: 1 | N15: =+PRODUCT(K15:L15) -> 3565185.6
B18: 개별요인비교 | C18: (본건/표준지) | J18: 개별요인비교 | K18: (표준지/선례) | L18: 1
B19: 가로 | C19: 접근 | D19: 환경 | E19: 획지 | F19: 행정 | G19: 기타 | H19: 계 | J19: 가로 | K19: 접근 | L19: 환경 | M19: 획지 | N19: 행정 | O19: 기타 | P19: 계
B20: 1 | C20: 1 | D20: 1 | E20: 1 | F20: 1 | G20: 1 | H20: =+ROUND(PRODUCT(B20:G20),3) -> 1 | J20: 1.02 | K20: 1 | L20: 1 | M20: 1 | N20: 1 | O20: 1 | P20: =+ROUND(PRODUCT(J20:O20),3) -> 1.02
E21: 본건은 표준지 대비 각지에서 열세하나 형상 등에서 다소 우세함 | M21: 표준지는 평가선례 대비 면적 등에서 다소 우세함
B22: 본건 | C22: =+O2 -> 세로(가) | D22: =+L2 -> 세장형 | E22: =+K2 -> 평지 | F22: =+N2 -> 2종일주 | G22: =+G2 -> 대 | H22: =+Q2 -> 없음 | J22: =+B23 -> 표준지 | K22: =+$C$23 -> 세로(가) | L22: =+$D$23 -> 세장형 | M22: =+$E$23 -> 평지 | N22: =+$F$23 -> 2종일주 | P22: =+$H$23 -> 3533000
B23: 표준지 | C23: =+T11 -> 세로(가) | D23: =+U11 -> 세장형 | E23: =+V11 -> 평지 | F23: =+M11 -> 2종일주 | G23: =+H11 -> 대 | H23: =+O11 -> 3533000 | J23: 선례 | K23: =+VLOOKUP($J$14,$B$47:$X$54,21) -> 세로(가) | L23: =+VLOOKUP($J$14,$B$47:$X$54,22) -> 세장형 | M23: =+VLOOKUP($J$14,$B$47:$X$54,23) -> 평지 | P23: 10110000
B25: 공시지가기준법 | D25: 탁상단가: | E25: =+W2 -> #VALUE! | F25: =+G27/E25 -> #VALUE!
B26: 표준지 | C26: 시점수정 | D26: 개별요인 | E26: 그밖의요인치 | F26: 산정단가 | G26: 결정단가 | H26: 시산가액
B27: =+O11 -> 3533000 | C27: =+C13 -> 1.00911 | D27: =+H20 -> 1 | E27: =+P14 -> 1.98 | F27: =PRODUCT(B27:E27) -> 7059067.5 | G27: =+ROUND(F27,-4) -> 7060000 | H27: =+G27*$H$2 -> 960160000
B31: 거사비 | C31: =+B33 -> 3 | D31: 공시지단가: | E31: =+$G$27 -> 7060000 | F31: 공시지/거사비: | G31: =+E31/G33 -> 0.96316508
B32: 사례 | C32: 거래사례단가 | D32: 시점수정 | E32: 개별요인 | F32: 산정단가 | G32: 결정단가 | H32: 시산가액
B33: 3 | C33: =+VLOOKUP($B33,$B$62:$T$101,17) -> 7328143.1 | D33: =+VLOOKUP($B33,$B$62:$T$98,18) -> 1.03107 | E33: =+_xlfn.XLOOKUP(B33,$B$62:$B$89,$AB$62:$AB$89,0) -> 0.97 | F33: =+PRODUCT(C33:E33) -> 7329153.7 | G33: =+ROUND(F33,-4) -> 7330000 | H33: =+G33*$H$2 -> 996880000
B35: 1 | C35: 2 | D35: 3 | E35: 4 | F35: 5 | G35: 6 | H35: 7 | I35: 8 | J35: 9 | K35: 10 | L35: 11 | M35: 12 | N35: 13 | O35: 14 | P35: 15 | Q35: 16 | R35: 17 | S35: 18 | T35: 19 | U35: 20 | V35: 21 | W35: 22
B36: 평가사례 | C36: =VALUE(RIGHT(B56,7)) -> 1.00911 | R36: 시점수정치 입력
B37: Is Selected | C37: 평가목적 | D37: 복사 | E37: 연도 | F37: 물건 | G37: 소재지 | H37: 지번 | I37: 지번 | J37: 단가 | K37: 면적 | L37: 지목/_x000D_ 건물용도 | M37: 평가액/면적 | N37: 기준시점 | O37: 평가액_x000D_ (개별) | P37: 감정평가총액 | Q37: (개별)_x000D_ 공시연도 | R37: (개별)_x000D_ 공시지가 | S37: (개별)_x000D_ 지목 | T37: (개별)_x000D_ 이용상황 | U37: (개별)_x000D_ 용도지역 | V37: (개별)_x000D_ 도로교통 | W37: (개별)_x000D_ 형상 | X37: (개별)_x000D_ 지세 | Y37: 등록구분 | Z37: 건명 | AA37: 감정서 | AB37: 거래_x000D_ 사례 | AC37: 토지_x000D_ 등기 | AD37: 건물_x000D_ 등기 | AE37: 토지_x000D_ 대장 | AF37: 건축물_x000D_ 대장 | AG37: 토지이용_x000D_ 계획 | AH37: 지적도 | AI37: 회원사 | AJ37: 회원사명 | AK37: 비고
B38: 체크 | C38: 시가참고 | E38: 2025 | F38: 토지 | G38: 서울특별시 광진구 자양동 | H38: 10- 3* | I38: 10- 35 | J38: 22500000 | K38: 199.3 | L38: 대 | M38: 22500000 | N38: 45743 | O38: 4484250000 | P38: 4845938360 | Q38: 2025 | R38: 7960000 | S38: 대 | T38: 상업용 | U38: 2종일주 | V38: 소로한면 | W38: 세장형 | X38: 평지 | AA38: n | AB38: y | AC38: y | AD38: n | AE38: y | AF38: n | AG38: n | AH38: n | AI38: 316301 | AJ38: 세***
M39: 22300000
L40: 평균단가 | M40: =+AVERAGE(M38:M39) -> 22400000
B41: Is Selected | C41: 평가목적 | D41: 복사 | E41: 연도 | F41: 물건 | G41: 소재지 | H41: 지번 | I41: 지번 | J41: 단가 | K41: 면적 | L41: 지목/_x000D_ 건물용도 | M41: 평가액/면적 | N41: 기준시점 | O41: 평가액_x000D_ (개별) | P41: 감정평가총액 | Q41: (개별)_x000D_ 공시연도 | R41: (개별)_x000D_ 공시지가 | S41: (개별)_x000D_ 지목 | T41: (개별)_x000D_ 이용상황 | U41: (개별)_x000D_ 용도지역 | V41: (개별)_x000D_ 도로교통 | W41: (개별)_x000D_ 형상 | X41: (개별)_x000D_ 지세 | Y41: 등록구분 | Z41: 건명 | AA41: 감정서 | AB41: 거래_x000D_ 사례 | AC41: 토지_x000D_ 등기 | AD41: 건물_x000D_ 등기 | AE41: 토지_x000D_ 대장 | AF41: 건축물_x000D_ 대장 | AG41: 토지이용_x000D_ 계획 | AH41: 지적도 | AI41: 회원사 | AJ41: 회원사명 | AK41: 비고
B42: 체크 | C42: 법원경매 | E42: 2025 | F42: 토지 | G42: 서울특별시 광진구 자양동 | H42: 16- 1* | I42: 16- 17 | J42: 17500000 | K42: 117 | L42: 대 | M42: 17500000 | N42: 45923 | O42: 2047500000 | P42: 2047500000 | Q42: 2025 | R42: 4382000 | S42: 대 | T42: 주거나지 | U42: 2종일주 | V42: 세로(불) | W42: 세장형 | X42: 평지 | AA42: y | AB42: y | AC42: n | AD42: n | AE42: n | AF42: n | AG42: n | AH42: n | AI42: 312101 | AJ42: 태*** | AK42: 허가지
B43: Is Selected | C43: 평가목적 | D43: 복사 | E43: 연도 | F43: 물건 | G43: 소재지 | H43: 지번 | I43: 지번 | J43: 단가 | K43: 면적 | L43: 지목/_x000D_ 건물용도 | M43: 평가액/면적 | N43: 기준시점 | O43: 평가액_x000D_ (개별) | P43: 감정평가총액 | Q43: (개별)_x000D_ 공시연도 | R43: (개별)_x000D_ 공시지가 | S43: (개별)_x000D_ 지목 | T43: (개별)_x000D_ 이용상황 | U43: (개별)_x000D_ 용도지역 | V43: (개별)_x000D_ 도로교통 | W43: (개별)_x000D_ 형상 | X43: (개별)_x000D_ 지세 | Y43: 등록구분 | Z43: 건명 | AA43: 감정서 | AB43: 거래_x000D_ 사례 | AC43: 토지_x000D_ 등기 | AD43: 건물_x000D_ 등기 | AE43: 토지_x000D_ 대장 | AF43: 건축물_x000D_ 대장 | AG43: 토지이용_x000D_ 계획 | AH43: 지적도 | AI43: 회원사 | AJ43: 회원사명 | AK43: 비고
B44: 체크 | C44: 조세 | E44: 2024 | F44: 토지 | G44: 서울특별시 광진구 자양동 | H44: 12- 1* | I44: 12- 17 | J44: 17200000 | K44: 177.9 | L44: 대 | M44: 17200000 | N44: 45656 | O44: 3059880000 | P44: 3349731870 | Q44: 2024 | R44: 7206000 | S44: 대 | T44: 주상용 | U44: 2종일주 | V44: 소로한면 | W44: 세장형 | X44: 평지 | AA44: n | AB44: y | AC44: n | AD44: n | AE44: n | AF44: n | AG44: n | AH44: n | AI44: 312101 | AJ44: 태***
B45: Is Selected | C45: 평가목적 | D45: 복사 | E45: 연도 | F45: 물건 | G45: 소재지 | H45: 지번 | I45: 지번 | J45: 단가 | K45: 면적 | L45: 지목/_x000D_ 건물용도 | M45: 평가액/면적 | N45: 기준시점 | O45: 평가액_x000D_ (개별) | P45: 감정평가총액 | Q45: (개별)_x000D_ 공시연도 | R45: (개별)_x000D_ 공시지가 | S45: (개별)_x000D_ 지목 | T45: (개별)_x000D_ 이용상황 | U45: (개별)_x000D_ 용도지역 | V45: (개별)_x000D_ 도로교통 | W45: (개별)_x000D_ 형상 | X45: (개별)_x000D_ 지세 | Y45: 등록구분 | Z45: 건명 | AA45: 감정서 | AB45: 거래_x000D_ 사례 | AC45: 토지_x000D_ 등기 | AD45: 건물_x000D_ 등기 | AE45: 토지_x000D_ 대장 | AF45: 건축물_x000D_ 대장 | AG45: 토지이용_x000D_ 계획 | AH45: 지적도 | AI45: 회원사 | AJ45: 회원사명 | AK45: 비고
B46: 체크 | C46: 공매(NPL) | E46: 2025 | F46: 토지 | G46: 서울특별시 광진구 자양동 | H46: 13- 5* | I46: 13- 54 | J46: 15500000 | K46: 116.7 | L46: 대 | M46: 15500000 | N46: 45866 | O46: 1808850000 | P46: 3539010000 | Q46: 2025 | R46: 4431000 | S46: 대 | T46: 단독 | U46: 2종일주 | V46: 세로(가) | W46: 자루형 | X46: 평지 | AA46: n | AB46: y | AC46: y | AD46: n | AE46: y | AF46: n | AG46: y | AH46: y | AI46: 302701 | AJ46: 정***
B47: Is Selected | C47: 평가목적 | D47: 복사 | E47: 연도 | F47: 물건 | G47: 소재지 | H47: 지번 | I47: 지번 | J47: 단가 | K47: 면적 | L47: 지목/_x000D_ 건물용도 | M47: 평가액/면적 | N47: 기준시점 | O47: 평가액_x000D_ (개별) | P47: 감정평가총액 | Q47: (개별)_x000D_ 공시연도 | R47: 서울특별시 영등포구 (25.03.12~26.02.25 ) (주거) 2025.03.01 ~ 2025.03.31 : 0.217 2025.04.01 ~ 2025.04.30 : 0.245 2025.05.01 ~ 2025.05.31 : 0.260 2025.06.01 ~ 2025.06.30 : 0.281 2025.07.01 ~ 2025.07.31 : 0.274 2025.08.01 ~ 2025.08.31 : 0.279 2025.09.01 ~ 2025.09.30 : 0.300 2025.10.01 ~ 2025.10.31 : 0.388 2025.11.01 ~ 2025.11.30 : 0.461 2025.12.01 ~ 2025.12.31 : 0.455 2026.01.01 ~ 2026.01.31 : 0.471 2026.02.01 ~ 2026.02.28 : 0.490 ( 1 + 0.00217 * 20/31 ) * ( 1 + 0.00245 ) * ( 1 + 0.00260 ) * ( 1 + 0.00281 ) * ( 1 + 0.00274 ) * ( 1 + 0.00279 ) * ( 1 + 0.00300 ) * ( 1 + 0.00388 ) * ( 1 + 0.00461 ) * ( 1 + 0.00455 ) * ( 1 + 0.00471 ) * ( 1 + 0.00490 * 25/28 ) ≒ 1.04065 | S47: (개별)_x000D_ 지목 | T47: (개별)_x000D_ 이용상황 | U47: (개별)_x000D_ 용도지역 | V47: (개별)_x000D_ 도로교통 | W47: (개별)_x000D_ 형상 | X47: (개별)_x000D_ 지세 | Y47: 등록구분 | Z47: 건명 | AA47: 감정서 | AB47: 거래_x000D_ 사례 | AC47: 토지_x000D_ 등기 | AD47: 건물_x000D_ 등기 | AE47: 토지_x000D_ 대장 | AF47: 건축물_x000D_ 대장 | AG47: 토지이용_x000D_ 계획 | AH47: 지적도 | AI47: 회원사 | AJ47: 회원사명 | AK47: 비고
B48: 1 | C48: 담보 | E48: 2025 | F48: 토지 | G48: 서울특별시 영등포구 대림동 | H48: 752- 3* | I48: 752- 32 | J48: 7480000 | K48: 102 | L48: 대 | M48: 7480000 | N48: 45973 | O48: 762960000 | P48: 770755480 | Q48: 2025 | R48: =+VALUE(RIGHT(R47,7)) -> 1.04065 | S48: 대 | T48: 단독 | U48: 2종일주 | V48: 세로(가) | W48: 세장형 | X48: 평지 | AA48: y | AB48: y | AC48: y | AD48: n | AE48: y | AF48: n | AG48: y | AH48: y | AI48: 30061B | AJ48: 대***
B49: Is Selected | C49: 평가목적 | D49: 복사 | E49: 연도 | F49: 물건 | G49: 소재지 | H49: 지번 | I49: 지번 | J49: 단가 | K49: 면적 | L49: 지목/_x000D_ 건물용도 | M49: 평가액/면적 | N49: 기준시점 | O49: 평가액_x000D_ (개별) | P49: 감정평가총액 | Q49: (개별)_x000D_ 공시연도 | R49: 서울특별시 영등포구 (25.07.18~26.02.25 ) (주거) 2025.07.01 ~ 2025.07.31 : 0.274 2025.08.01 ~ 2025.08.31 : 0.279 2025.09.01 ~ 2025.09.30 : 0.300 2025.10.01 ~ 2025.10.31 : 0.388 2025.11.01 ~ 2025.11.30 : 0.461 2025.12.01 ~ 2025.12.31 : 0.455 2026.01.01 ~ 2026.01.31 : 0.471 2026.02.01 ~ 2026.02.28 : 0.490 ( 1 + 0.00274 * 14/31 ) * ( 1 + 0.00279 ) * ( 1 + 0.00300 ) * ( 1 + 0.00388 ) * ( 1 + 0.00461 ) * ( 1 + 0.00455 ) * ( 1 + 0.00471 ) * ( 1 + 0.00490 * 25/28 ) ≒ 1.02952 | S49: (개별)_x000D_ 지목 | T49: (개별)_x000D_ 이용상황 | U49: (개별)_x000D_ 용도지역 | V49: (개별)_x000D_ 도로교통 | W49: (개별)_x000D_ 형상 | X49: (개별)_x000D_ 지세 | Y49: 등록구분 | Z49: 건명 | AA49: 감정서 | AB49: 거래_x000D_ 사례 | AC49: 토지_x000D_ 등기 | AD49: 건물_x000D_ 등기 | AE49: 토지_x000D_ 대장 | AF49: 건축물_x000D_ 대장 | AG49: 토지이용_x000D_ 계획 | AH49: 지적도 | AI49: 회원사 | AJ49: 회원사명 | AK49: 비고
B50: 2 | C50: 시가참고 | E50: 2025 | F50: 토지 | G50: 서울특별시 영등포구 대림동 | H50: 900- 1* | I50: 900- 19 | J50: 6730000 | K50: 79 | L50: 대 | M50: 6730000 | N50: 45856 | O50: 531670000 | P50: 564515560 | Q50: 2025 | R50: =+VALUE(RIGHT(R49,7)) -> 1.02952 | S50: 대 | T50: 단독 | U50: 2종일주 | V50: 세로(가) | W50: 세장형 | X50: 평지 | AA50: y | AB50: y | AC50: n | AD50: n | AE50: n | AF50: n | AG50: n | AH50: n | AI50: 300116 | AJ50: 제***
B51: Is Selected | C51: 평가목적 | D51: 복사 | E51: 연도 | F51: 물건 | G51: 소재지 | H51: 지번 | I51: 지번 | J51: 단가 | K51: 면적 | L51: 지목/_x000D_ 건물용도 | M51: 평가액/면적 | N51: 기준시점 | O51: 평가액_x000D_ (개별) | P51: 감정평가총액 | Q51: (개별)_x000D_ 공시연도 | R51: 서울특별시 영등포구 (25.11.12~26.02.25 ) (주거) 2025.11.01 ~ 2025.11.30 : 0.461 2025.12.01 ~ 2025.12.31 : 0.455 2026.01.01 ~ 2026.01.31 : 0.471 2026.02.01 ~ 2026.02.28 : 0.490 ( 1 + 0.00461 * 19/30 ) * ( 1 + 0.00455 ) * ( 1 + 0.00471 ) * ( 1 + 0.00490 * 25/28 ) ≒ 1.01666
B52: 3 | C52: 담보 | E52: 2025 | F52: 토지 | G52: 서울특별시 영등포구 대림동 | H52: 752- 3* | I52: 752- 32 | J52: 7480000 | K52: 102 | L52: 대 | M52: 7480000 | N52: 45973 | O52: 762960000 | P52: 770755480 | Q52: 2025 | R52: =+VALUE(RIGHT(R51,7)) -> 1.01666
B55: 표준지 시점수정
B56: 서울특별시 영등포구 (26.01.01~26.02.25 ) (주거) 2026.01.01 ~ 2026.01.31 : 0.471 2026.02.01 ~ 2026.02.28 : 0.490 ( 1 + 0.00471 ) * ( 1 + 0.00490 * 25/28 ) ≒ 1.00911 | I56: 서울특별시 영등포구 (25.03.12~26.02.25 ) (주거) 2025.03.01 ~ 2025.03.31 : 0.217 2025.04.01 ~ 2025.04.30 : 0.245 2025.05.01 ~ 2025.05.31 : 0.260 2025.06.01 ~ 2025.06.30 : 0.281 2025.07.01 ~ 2025.07.31 : 0.274 2025.08.01 ~ 2025.08.31 : 0.279 2025.09.01 ~ 2025.09.30 : 0.300 2025.10.01 ~ 2025.10.31 : 0.388 2025.11.01 ~ 2025.11.30 : 0.461 2025.12.01 ~ 2025.12.31 : 0.455 2026.01.01 ~ 2026.01.31 : 0.471 2026.02.01 ~ 2026.02.28 : 0.490 ( 1 + 0.00217 * 20/31 ) * ( 1 + 0.00245 ) * ( 1 + 0.00260 ) * ( 1 + 0.00281 ) * ( 1 + 0.00274 ) * ( 1 + 0.00279 ) * ( 1 + 0.00300 ) * ( 1 + 0.00388 ) * ( 1 + 0.00461 ) * ( 1 + 0.00455 ) * ( 1 + 0.00471 ) * ( 1 + 0.00490 * 25/28 ) ≒ 1.04065
B61: 거래사례 | S61: 17 | T61: 18 | U61: 19 | V61: 20 | W61: 21 | X61: 22 | Y61: 23 | Z61: 24 | AA61: 25 | AB61: 26
B62: 상세물건번호 | C62: 시군구 | D62: 소재지 | E62: 지번 | F62: 상세물건구분 | G62: 지목 | H62: 용도지역 | I62: 거래시점 | J62: 전체면적 | K62: 전용면적 | L62: 물건금액 | M62: 단가 | N62: 사용승인일자 | O62: 사용승인일자 | Q62: 재조달 | R62: 내용연수 | S62: 경과 | T62: 적용단가 | U62: Row Data.Row.Is Selected | V62: 년도_x000D_ (공시년도) | W62: 소재지 | X62: 지번 | Y62: 지목 | Z62: 면적 | AA62: 공시지가 | AB62: 이용상황 | AC62: 지세 | AD62: 형상 | AE62: 방위 | AF62: 용도지역 | AG62: 접면 | AH62: 용도지구 | AI62: 계획시설 | AJ62: 저촉률 | AK62: 제한구역기타 | AL62: 전년지가 | AM62: 전전년지가 | AN62: 비고 | AO62: 전년지가 | AP62: 상승률 | AQ62: 2년전지가 | AR62: 구분 | AS62: 비고 | AT62: 실거래 | AU62: 2년전지가 | AV62: 구분 | AW62: 비고 | AX62: 실거래 | AY62: 토지_x000D_ 등기 | AZ62: 건물_x000D_ 등기 | BA62: 토지_x000D_ 대장 | BB62: 건축물_x000D_ 대장 | BC62: 토지이용_x000D_ 계획 | BD62: 지적도
C63: 서울특별시 영등포구 | D63: 대림동 | E63: 893-80 | F63: 건물 | G63: 대 | H63: 제2종일반주거지역 | I63: 45815 | J63: 198.55 | K63: 198.55 | L63: 825000000 | N63: 33189 | O63: 33189 | P63: 벽돌구조 | Q63: 800000 | R63: 40 | S63: =+DATEDIF(O63,I63,"y") -> 34 | T63: =+Q63*(R63-S63)/R63 -> 120000 | U63: 확인 되지 않은 | V63: 2025 | W63: 송파동 | X63: 19238 | Y63: 대 | Z63: 170.2 | AA63: 8143000 | AB63: 주거나지 | AC63: 평지 | AD63: 정방형 | AE63: 남동향 | AF63: 2종일주 | AG63: 세로(가) | AI63: 없음 | AJ63: 0 | AK63: 군사 | AL63: 7815000 | AM63: 7684000 | AN63: 2025년 | AO63: 7978000 | AP63: 104.11131 | AQ63: 7847000 | AR63: 민유지 | AT63: y | AU63: 7882000 | AV63: 민유지 | AX63: y | AY63: n | AZ63: n | BA63: y | BB63: n | BC63: y | BD63: n
C64: 시군구 | D64: 소재지 | E64: 지번 | F64: 상세물건구분 | G64: 지목 | H64: 용도지역 | I64: 거래시점 | J64: 전체면적 | K64: 전용면적 | L64: 물건금액 | M64: 단가 | N64: 사용승인일자 | O64: 사용승인일자 | P64: 건물평가액 | Q64: 토지가액 | R64: 토지단가 | S64: 시점수정 | T64: 서울특별시 영등포구 (25.06.07~26.02.25 ) (주거) 2025.06.01 ~ 2025.06.30 : 0.281 2025.07.01 ~ 2025.07.31 : 0.274 2025.08.01 ~ 2025.08.31 : 0.279 2025.09.01 ~ 2025.09.30 : 0.300 2025.10.01 ~ 2025.10.31 : 0.388 2025.11.01 ~ 2025.11.30 : 0.461 2025.12.01 ~ 2025.12.31 : 0.455 2026.01.01 ~ 2026.01.31 : 0.471 2026.02.01 ~ 2026.02.28 : 0.490 ( 1 + 0.00281 * 24/30 ) * ( 1 + 0.00274 ) * ( 1 + 0.00279 ) * ( 1 + 0.00300 ) * ( 1 + 0.00388 ) * ( 1 + 0.00461 ) * ( 1 + 0.00455 ) * ( 1 + 0.00471 ) * ( 1 + 0.00490 * 25/28 ) ≒ 1.03338 | U64: 본건/거래사례 | V64: 가로 | W64: 접근 | X64: 환경 | Y64: 획지 | Z64: 행정 | AA64: 기타 | AB64: 계
B65: 1 | C65: 서울특별시 영등포구 | D65: 대림동 | E65: 893-80 | F65: 토지 | G65: 대 | H65: 제2종일반주거지역 | I65: 45815 | J65: 109 | K65: 109 | L65: 825000000 | N65: 33189 | O65: 33189 | P65: =+T63*K63 -> 23826000 | Q65: =+L65-P65 -> 801174000 | R65: =+Q65/K65 -> 7350220.2 | S65: =+VALUE(RIGHT(T64,7)) -> 1.03338 | T65: =+S65*R65 -> 7595570.5 | V65: 1.05 | W65: 1 | X65: 1 | Y65: 1.05 | Z65: 1 | AA65: 1 | AB65: =+ROUND(PRODUCT(V65:AA65),3) -> 1.103
V66: =+$C$22&"/" &AG63 -> 세로(가)/세로(가) | W66: 본건이 지하철 우세 | X66: 본건이 우세 | Y66: =+$D$22&"/" &AD63 -> 세장형/정방형
C68: 시군구 | D68: 소재지 | E68: 지번 | F68: 상세물건구분 | G68: 지목 | H68: 용도지역 | I68: 거래시점 | J68: 전체면적 | K68: 전용면적 | L68: 물건금액 | M68: 단가 | N68: 사용승인일자 | Q68: 재조달 | R68: 내용연수 | S68: 경과 | T68: 적용단가
C69: 서울특별시 영등포구 | D69: 대림동 | E69: 723-7 | F69: 건물 | G69: 대 | H69: 제2종일반주거지역 | I69: 45979 | J69: 328.32 | K69: 328.32 | L69: 2420000000 | N69: 31926 | P69: 벽돌구조 | Q69: 800000 | R69: 40 | S69: =+DATEDIF(N69,I69,"y") -> 38 | T69: =+Q69*(R69-S69)/R69 -> 40000
C70: 시군구 | D70: 소재지 | E70: 지번 | F70: 상세물건구분 | G70: 지목 | H70: 용도지역 | I70: 거래시점 | J70: 전체면적 | K70: 전용면적 | L70: 물건금액 | M70: 단가 | N70: 사용승인일자 | P70: 건물평가액 | Q70: 토지가액 | R70: 토지단가 | S70: 시점수정
C71: 서울특별시 영등포구 | D71: 대림동 | E71: 723-7 | F71: 토지 | G71: 대 | H71: 제2종일반주거지역 | I71: 45979 | J71: 250.9 | K71: 250.9 | L71: 2420000000 | N71: 31926 | P71: =+T69*K69 -> 13132800 | Q71: =+L71-P71 -> 2406867200 | R71: =+Q71/K71 -> 9592934.2 | S71: =+VALUE(RIGHT(T70,7)) -> #VALUE! | T71: =+S71*R71 -> #VALUE!
C74: 시군구 | D74: 소재지 | E74: 지번 | F74: 상세물건구분 | G74: 지목 | H74: 용도지역 | I74: 거래시점 | J74: 전체면적 | K74: 전용면적 | L74: 물건금액 | M74: 단가 | N74: 사용승인일자 | O74: 사용승인일자 | Q74: 재조달 | R74: 내용연수 | S74: 경과 | T74: 적용단가 | U74: 소재지 | V74: 지번 | W74: 지목 | X74: 면적 | Y74: 공시지가 | Z74: 이용상황 | AA74: 지세 | AB74: 형상 | AC74: 방위 | AD74: 용도지역 | AE74: 접면 | AF74: 용도지구 | AG74: 계획시설 | AH74: 저촉률 | AI74: 제한구역기타 | AJ74: 전년지가 | AK74: 전전년지가 | AL74: 비고
C75: 서울특별시 영등포구 | D75: 대림동 | E75: 678-11 | F75: 건물 | G75: 대 | H75: 제2종일반주거지역 | I75: 46002 | J75: 166.95 | K75: 166.95 | L75: 725000000 | N75: 31373 | O75: 31373 | P75: 벽돌구조 | Q75: 800000 | R75: 40 | S75: 30 | T75: =+Q75*(R75-S75)/R75 -> 200000 | U75: 대림동 | V75: 678-11 | W75: 대 | X75: 105.8 | Y75: 3342000 | Z75: 단독 | AA75: 평지 | AB75: 가장형 | AC75: 남서향 | AD75: 2종일주 | AE75: 세각(가) | AG75: 없음 | AH75: 0 | AI75: 교육 | AJ75: 3285000 | AK75: 3237000 | AL75: 2025년
C76: 시군구 | D76: 소재지 | E76: 지번 | F76: 상세물건구분 | G76: 지목 | H76: 용도지역 | I76: 거래시점 | J76: 전체면적 | K76: 전용면적 | L76: 물건금액 | M76: 단가 | N76: 사용승인일자 | O76: 사용승인일자 | P76: 건물평가액 | Q76: 토지가액 | R76: 토지단가 | S76: 시점수정 | T76: 서울특별시 영등포구 (25.12.11~26.02.25 ) (주거) 2025.12.01 ~ 2025.12.31 : 0.455 2026.01.01 ~ 2026.01.31 : 0.471 2026.02.01 ~ 2026.02.28 : 0.490 ( 1 + 0.00455 * 21/31 ) * ( 1 + 0.00471 ) * ( 1 + 0.00490 * 25/28 ) ≒ 1.01222 | U76: 본건/거래사례 | V76: 가로 | W76: 접근 | X76: 환경 | Y76: 획지 | Z76: 행정 | AA76: 기타 | AB76: 계
B77: 2 | C77: 서울특별시 영등포구 | D77: 대림동 | E77: 678-11 | F77: 토지 | G77: 대 | H77: 제2종일반주거지역 | I77: 46002 | J77: 105.8 | K77: 105.8 | L77: 725000000 | N77: 31373 | O77: 31373 | P77: =+T75*K75 -> 33390000 | Q77: =+L77-P77 -> 691610000 | R77: =+Q77/K77 -> 6536956.5 | S77: =+VALUE(RIGHT(T76,7)) -> 1.01222 | T77: =+S77*R77 -> 6616838.1 | V77: 1 | W77: 1 | X77: 1 | Y77: 0.95 | Z77: 1 | AA77: 1 | AB77: =+ROUND(PRODUCT(V77:AA77),3) -> 0.95
C80: 시군구 | D80: 소재지 | E80: 지번 | F80: 상세물건구분 | G80: 지목 | H80: 용도지역 | I80: 거래시점 | J80: 전체면적 | K80: 전용면적 | L80: 물건금액 | M80: 단가 | N80: 사용승인일자 | Q80: 재조달 | R80: 내용연수 | S80: 경과 | T80: 적용단가 | V80: =+$C$22&"/" &AD75 -> 세로(가)/2종일주 | X80: 대등? | Y80: =+$D$22&"/" &AA75 -> 세장형/평지 | Z80: =+$H$22&"/" &X75 -> 없음/105.8
C81: 서울특별시 영등포구 | D81: 대림동 | E81: 844-30 | F81: 건물 | G81: 대 | H81: 제2종일반주거지역 | I81: 45839 | J81: 198.14 | K81: 198.14 | L81: 1070000000 | N81: 40984 | P81: 철근콘크리트구조 (철근콘크리트구조) | Q81: 1500000 | R81: 50 | S81: =+DATEDIF(N81,I81,"y") -> 13 | T81: =+Q81*(R81-S81)/R81 -> 1110000
C82: 시군구 | D82: 소재지 | E82: 지번 | F82: 상세물건구분 | G82: 지목 | H82: 용도지역 | I82: 거래시점 | J82: 전체면적 | K82: 전용면적 | L82: 물건금액 | M82: 단가 | N82: 사용승인일자 | P82: 건물평가액 | Q82: 토지가액 | R82: 토지단가 | S82: 시점수정 | T82: 서울특별시 영등포구 (25.07.01~26.02.25 ) (주거) 2025.07.01 ~ 2025.07.31 : 0.274 2025.08.01 ~ 2025.08.31 : 0.279 2025.09.01 ~ 2025.09.30 : 0.300 2025.10.01 ~ 2025.10.31 : 0.388 2025.11.01 ~ 2025.11.30 : 0.461 2025.12.01 ~ 2025.12.31 : 0.455 2026.01.01 ~ 2026.01.31 : 0.471 2026.02.01 ~ 2026.02.28 : 0.490 ( 1 + 0.00274 ) * ( 1 + 0.00279 ) * ( 1 + 0.00300 ) * ( 1 + 0.00388 ) * ( 1 + 0.00461 ) * ( 1 + 0.00455 ) * ( 1 + 0.00471 ) * ( 1 + 0.00490 * 25/28 ) ≒ 1.03107 | U82: 본건/거래사례 | V82: 가로 | W82: 접근 | X82: 환경 | Y82: 획지 | Z82: 행정 | AA82: 기타 | AB82: 계
B83: 3 | C83: 서울특별시 영등포구 | D83: 대림동 | E83: 844-30 | F83: 토지 | G83: 대 | H83: 제2종일반주거지역 | I83: 45839 | J83: 116 | K83: 116 | L83: 1070000000 | N83: 40984 | P83: =+T81*K81 -> 2.199354e+08 | Q83: =+L83-P83 -> 850064600 | R83: =+Q83/K83 -> 7328143.1 | S83: =+VALUE(RIGHT(T82,7)) -> 1.03107 | T83: =+S83*R83 -> 7555828.5 | V83: 0.97 | W83: 1 | X83: 1 | Y83: 1 | Z83: 1 | AA83: 1 | AB83: =+ROUND(PRODUCT(V83:AA83),3) -> 0.97
V84: 1
C86: 시군구 | D86: 소재지 | E86: 지번 | F86: 상세물건구분 | G86: 지목 | H86: 용도지역 | I86: 거래시점 | J86: 전체면적 | K86: 전용면적 | L86: 물건금액 | M86: 단가 | N86: 사용승인일자 | Q86: 재조달 | R86: 내용연수 | S86: 경과 | T86: 적용단가
C87: 서울특별시 영등포구 | D87: 대림동 | E87: 753-26 | F87: 건물 | G87: 대 | H87: 제2종일반주거지역 | I87: 45609 | J87: 148.08 | K87: 148.08 | L87: 735000000 | N87: 34227 | P87: 벽돌구조 | Q87: 800000 | R87: 40 | S87: =+DATEDIF(N87,I87,"y") -> 31 | T87: =+Q87*(R87-S87)/R87 -> 180000
C88: 시군구 | D88: 소재지 | E88: 지번 | F88: 상세물건구분 | G88: 지목 | H88: 용도지역 | I88: 거래시점 | J88: 전체면적 | K88: 전용면적 | L88: 물건금액 | M88: 단가 | N88: 사용승인일자 | P88: 건물평가액 | Q88: 토지가액 | R88: 토지단가 | S88: 시점수정 | T88: 서울특별시 영등포구 (24.11.13~26.02.25 ) (주거) 2024.11.01 ~ 2024.11.30 : 0.287 2024.12.01 ~ 2024.12.31 : 0.213 2025.01.01 ~ 2025.12.31 : 3.606 2026.01.01 ~ 2026.01.31 : 0.471 2026.02.01 ~ 2026.02.28 : 0.490 ( 1 + 0.00287 * 18/30 ) * ( 1 + 0.00213 ) * ( 1 + 0.03606 ) * ( 1 + 0.00471 ) * ( 1 + 0.00490 * 25/28 ) ≒ 1.04953 | V88: 가로 | W88: 접근 | X88: 환경 | Y88: 획지 | Z88: 행정 | AA88: 기타 | AB88: 계
B89: 5 | C89: 서울특별시 영등포구 | D89: 대림동 | E89: 753-26 | F89: 토지 | G89: 대 | H89: 제2종일반주거지역 | I89: 45609 | J89: 102 | K89: 97 | L89: 735000000 | N89: 34227 | P89: =+T87*K87 -> 26654400 | Q89: =+L89-P89 -> 708345600 | R89: =+Q89/K89 -> 7302532 | S89: =+VALUE(RIGHT(T88,7)) -> 1.04953 | T89: =+S89*R89 -> 7664226.4 | V89: 0.95 | W89: 1 | X89: 1 | Y89: 1 | Z89: 1 | AA89: 1 | AB89: =+ROUND(PRODUCT(V89:AA89),3) -> 0.95
P92: 1
B93: 거래사례 | P93: 2
P94: 3
P95: 4
P96: 5
P97: 6
P98: 7
P99: 8
P100: 9
P101: 10
P102: 11
P103: 12
P104: 13
P105: 14

Sheet 건물산출
F3: 사용승인 | G3: 35474
B4: 구분 | C4: 층구분 | D4: 층별 | E4: 구조 | F4: 용도 | G4: 연면적(㎡) | K4: 재조달 | L4: 내용연수 | M4: 경과연수 | N4: 적용단가 | O4: 결정단가 | P4: 산출금액
B5: 주1 | C5: 지하 | D5: 지1 | E5: 연와조 | F5: 주택(2가구) | G5: 71.74 | I5: =+G5 -> 71.74 | J5: =+F5 -> 주택(2가구) | K5: 900000 | L5: 45 | M5: =+DATEDIF($G$3,[1]토지산출!$C$1,"y") -> 29 | N5: =+K5*(L5-M5)/L5 -> 320000 | O5: =+ROUNDDOWN(N5,-3) -> 320000 | P5: =+O5*G5 -> 22956800
B6: 주1 | C6: 지상 | D6: 1층 | E6: 연와조 | F6: 주택(2가구) | G6: 71.74 | I6: =+G6 -> 71.74 | J6: =+F6 -> 주택(2가구) | K6: 950000 | L6: =+L5 -> 45 | M6: =+DATEDIF($G$3,[1]토지산출!$C$1,"y") -> 29 | N6: =+K6*(L6-M6)/L6 -> 337777.78 | O6: =+ROUNDDOWN(N6,-3) -> 337000 | P6: =+O6*G6 -> 24176380
B7: 주1 | C7: 지상 | D7: 2층 | E7: 연와조 | F7: 주택(1가구) | G7: 68.74 | I7: =+G7 -> 68.74 | J7: =+F7 -> 주택(1가구) | K7: =+K6 -> 950000 | L7: =+L6 -> 45 | M7: =+DATEDIF($G$3,[1]토지산출!$C$1,"y") -> 29 | N7: =+K7*(L7-M7)/L7 -> 337777.78 | O7: =+ROUNDDOWN(N7,-3) -> 337000 | P7: =+O7*I7 -> 23165380
B8: 주1 | C8: 옥탑 | D8: 옥탑 1층 | E8: 연와조 | F8: 연면적제외 | G8: 9.5 | I8: =+G8 -> 9.5 | J8: 옥탑 1층 | K8: 750000 | L8: =+L7 -> 45 | M8: =+DATEDIF($G$3,[1]토지산출!$C$1,"y") -> 29 | N8: =+K8*(L8-M8)/L8 -> 266666.67 | O8: =+ROUNDDOWN(N8,-3) -> 266000 | P8: =+O8*I8 -> 2527000
G9: =+SUM(G5:G8) -> 221.72 | P9: =+SUM(P5:P8) -> 72825560
