Workbook
Name nmUnit: {"일","십","백","천","만"}

Sheet 기본자료
A6: 1. 의뢰인 | B6: 김인주
A7: 2. 의뢰건명 | B7: 서울특별시 동작구 노량진동 323외 1필지 우성아파트 제108동 제5층 제505호
A8: 3. 번호 | B8: HI260708-2703
A10: 4.평가수수료 | B10: =NUMBERSTRING(B11*1&REPT(0,MATCH(C11,nmUnit,0)-1),1) -> 일백일십오만칠천오백 | C10: 단위
B11: =청구서!M24 -> 1157500 | C11: 일
A13: 5.의뢰일 | B13: 2026/07/08
A14: 6.의뢰문서번호 | B14: =+B8 -> HI260708-2703
A15: 7. 의뢰건명 | B15: =B7 -> 서울특별시 동작구 노량진동 323외 1필지 우성아파트 제108동 제5층 제505호
A17: 8. 발송일 | B17: =+TODAY() -> 46215

Sheet 표지
F6: 감 정 평 가 서
AS10: # | AT10: 적요 | AU10: 금액 | AV10: 비고
C11: 의 뢰 인 : | D11: =기본자료!B6 -> 김인주 | AS11: 1 | AT11: 예상평가액 | AU11: 940000000 | AV11: 입력값
AN12: =+AU11 -> 940000000 | AS12: 2 | AT12: 하한 수수료 | AU12: 962800 | AV12: 5억원 ~ 10억원, 5억원 초과액 × 0.09% × 0.8 + 646,000
C13: 건 명 : | D13: =+기본자료!B7 -> 서울특별시 동작구 노량진동 323외 1필지 우성아파트 제108동 제5층 제505호 | L13: =기본자료!B7 -> 서울특별시 동작구 노량진동 323외 1필지 우성아파트 제108동 제5층 제505호 | M13: =+AN13-14300+1100 -> -13200 | AS13: 3 | AT13: 기준 수수료 | AU13: 1141000 | AV13: 5억원 ~ 10억원, 5억원 초과액 × 0.09% + 745,000
AS14: 4 | AT14: 상한 수수료 | AU14: 1319200 | AV14: 5억원 ~ 10억원, 5억원 초과액 × 0.09% × 1.2 + 844,000
C15: 번 호 : | D15: ="("&기본자료!B8&")" -> (HI260708-2703) | AS15: 5 | AT15: 하한 총액 | AU15: 1059080 | AV15: 실비 및 VAT(10%)포함
AS16: 6 | AT16: 기준 총액 | AU16: 1255100 | AV16: 실비 및 VAT(10%)포함
AS17: 7 | AT17: 상한 총액 | AU17: 1451120 | AV17: 실비 및 VAT(10%)포함
B24: 이 감정평가서는 감정평가 의뢰목적 외의 목적에 사용하거나 타인(의뢰인 또는 담보감정평가 시 확인은행이 아닌 자)이 사용할 수 없을 뿐 아니라 복사, 개작(改作), 전재(全載)할 수 없으며 이로 인한 결과에 대하여 감정평가업자는 책임을 지지 않습니다.
AQ28: =+AP28-M23 -> 0
B32: 하이테크 감정평가법인 주식회사 대표 김제프용진 (인)
F33: 서울특별시 강남구 영동대로 511 트레이드타워 1305호
C34: TEL.(02)6401-0706 | G34: FAX.(02)6971-9586

Sheet 청구서
S2: 청 구 서
X4: 감정평가서번호 : | AE4: =기본자료!B8 -> HI260708-2703 | AQ4: =+AO13-AO14 -> 200909.09
A5: =기본자료!B6&" 귀하" -> 김인주 귀하
A7: ="일금 "&기본자료!B10&"원정 " -> 일금 일백일십오만칠천오백원정 | P7: ( | Q7: =M24 -> 1157500 | W7: )
A9: =" "&기본자료!B13&"자 귀 제 『 "&기본자료!B14&" 』 호로 의뢰하신 『 "&기본자료!B15&" 』 건에 대한 감정평가가 완료되었으므로 상기 금액을 '감정평가업자의 보수에 관한 기준' 에 의거 청구하오니 정산하여 주시기 바랍니다." -> 2026/07/08자 귀 제 『 HI260708-2703 』 호로 의뢰하신 『 서울특별시 동작구 노량진동 323외 1필지 우성아파트 제108동 제5층 제505호 』 건에 대한 감정평가가 완료되었으므로 상기 금액을 '감정평가업자의 보수에 관한 기준' 에 의거 청구하오니 정산하여 주시기 바랍니다.
AT10: # | AU10: 적요 | AV10: 금액 | AW10: 비고
S11: - 청 구 내 역 - | AT11: 1 | AU11: 예상평가액 | AV11: 1076000000 | AW11: 입력값
A12: 과 목 | M12: 금 액 | Y12: 비 고 | AM12: 평가금액 | AO12: =+AV11 -> 1076000000 | AT12: 2 | AU12: 하한 수수료 | AV12: 1054640 | AW12: 10억원 ~ 50억원, 10억원 초과액 × 0.08% × 0.8 + 1,006,000
A13: (가) 평 가 수 수 료 | M13: =+AN15 | Y13: ◐ 평 가 수 수 료◑ | AM13: 상한 | AN13: =+ROUNDDOWN(AV14,-3) -> 1456000 | AO13: =+AP13/1.1 -> 1456363.6 | AP13: =+ROUNDDOWN(AQ13,-3) -> 1602000 | AQ13: =+AV17 -> 1602656 | AT13: 3 | AU13: 기준 수수료 | AV13: 1255800 | AW13: 10억원 ~ 50억원, 10억원 초과액 × 0.08% + 1,195,000
D14: 여 비 | M14: 40000 | Y14: 1.국토부훈령 "감정평가법인등의 보수에 관한 기준"을 준수하였음. | AM14: 기준 | AN14: =+ROUNDDOWN(AV13,-3) -> 1255000 | AO14: =+AP14/1.1 -> 1255454.5 | AP14: =+ROUNDDOWN(AQ14,-3) -> 1381000 | AQ14: =+AV16 -> 1381380 | AT14: 4 | AU14: 상한 수수료 | AV14: 1456960 | AW14: 10억원 ~ 50억원, 10억원 초과액 × 0.08% × 1.2 + 1,384,000
B15: (나) | D15: 물 건 조 사 비 | M15: 15000 | AM15: 하한 | AN15: =+ROUNDDOWN(AV12,-3) -> 1054000 | AO15: =+AP15/1.1 -> 1054545.5 | AP15: =+ROUNDDOWN(AQ15,-3) -> 1160000 | AQ15: =+AV15 -> 1160104 | AT15: 5 | AU15: 하한 총액 | AV15: 1160104 | AW15: 실비 및 VAT(10%)포함
B16: 실 | D16: 공 부 발 급 비 | M16: 15000 | AN16: =AN14-AN15 -> 201000 | AO16: 기준-하한 | AT16: 6 | AU16: 기준 총액 | AV16: 1381380 | AW16: 실비 및 VAT(10%)포함
D17: 기 타 실 비 | AN17: =AN13-AN15 -> 402000 | AO17: 상한-하한 | AT17: 7 | AU17: 상한 총액 | AV17: 1602656 | AW17: 실비 및 VAT(10%)포함
B18: 비 | D18: 특 별 용 역 비 | AM18: 특용
D19: 소 계 | M19: =SUM(M14:X18) -> 70000
A20: 합 계(가 + 나) | M20: =ROUNDDOWN(SUM(M13,M19),-3) -> 1325000 | Y20: 천원미만 절사
A21: 부 가 가 치 세 | M21: =M20*0.1 -> 132500
A22: 총 계 | M22: =M20+M21 -> 1457500 | AR22: =+M13+M18 -> 1255000
A23: 기 납 부 착 수 금 | M23: =+AN23 -> 300000 | AM23: 착수금 | AN23: 300000
A24: 정 산 청 구 액 | M24: =M22-M23 -> 1157500
A25: =" ※ 수수료 입금시 입금자 명의를 감정서번호("&기본자료!B8&")로 하여주시기 바랍니다." -> ※ 수수료 입금시 입금자 명의를 감정서번호(HI260708-2703)로 하여주시기 바랍니다.
S27: ★ 계 좌 번 호 ★
F28: KB국민은행 | S28: 532001-01-294849 | Z28: 하이테크감정평가법인㈜
AP29: 순수수료 | AQ29: =+M13 -> 1255000 | AR29: =+AQ29-M24 -> 97500
AP30: 특용 | AQ30: =+M18 -> 0
AQ31: =+SUM(AQ29:AQ30) -> 1255000
O32: =+기본자료!B17 -> 46215
S34: 하이테크 감정평가법인 주식회사
S35: 서울특별시 강남구 영동대로 511 트레이드타워 1305호
J36: TEL.(02)6401-0706 | V36: FAX.(02)6971-9586

Sheet 회보서
A2: 하이테크 감정평가법인 주식회사
A4: 서울특별시 강남구 영동대로 511 트레이드타워 1305호 T.(02)6401-0706 F.(02)6971-9586
A8: 문서번호 : | B8: =기본자료!B8 -> HI260708-2703 | F8: 선 결 | I8: 지 시
A9: 시행일자 : | B9: =기본자료!B17 -> 46215 | F9: 접 수 | G9: 일 자 시 간 | I9: 결 제 · 공 람
A10: 수 신 : | B10: =기본자료!B6 -> 김인주 | G10: 번 호 | AS10: # | AT10: 적요 | AU10: 금액 | AV10: 비고
A11: 참 조 : | B11: - | F11: 처리과 | AS11: 1 | AT11: 예상평가액 | AU11: 940000000 | AV11: 입력값
F12: 담당자 | AS12: 2 | AT12: 하한 수수료 | AU12: 962800 | AV12: 5억원 ~ 10억원, 5억원 초과액 × 0.09% × 0.8 + 646,000
A13: 제 목 : | B13: 감정평가 회보 | M13: =+AN13-14300+1100 -> -13200 | AS13: 3 | AT13: 기준 수수료 | AU13: 1141000 | AV13: 5억원 ~ 10억원, 5억원 초과액 × 0.09% + 745,000
AS14: 4 | AT14: 상한 수수료 | AU14: 1319200 | AV14: 5억원 ~ 10억원, 5억원 초과액 × 0.09% × 1.2 + 844,000
AS15: 5 | AT15: 하한 총액 | AU15: 1059080 | AV15: 실비 및 VAT(10%)포함
B16: 1. 귀하의 무궁한 발전을 기원합니다. | AS16: 6 | AT16: 기준 총액 | AU16: 1255100 | AV16: 실비 및 VAT(10%)포함
AS17: 7 | AT17: 상한 총액 | AU17: 1451120 | AV17: 실비 및 VAT(10%)포함
A18: =" 2. 관련문서 "&기본자료!B13&"자 귀 제 『 "&기본자료!B14&" 』 호로 의뢰하신 『 "&기본자료!B15&" 』 건이 붙임과 같이 감정평가서를 회보하오니 업무에 참고하시기 바랍니다." -> 2. 관련문서 2026/07/08자 귀 제 『 HI260708-2703 』 호로 의뢰하신 『 서울특별시 동작구 노량진동 323외 1필지 우성아파트 제108동 제5층 제505호 』 건이 붙임과 같이 감정평가서를 회보하오니 업무에 참고하시기 바랍니다.
A23: 첨 부 : | B23: 1. 감 정 평 가 서 | E23: 2 | F23: 부
A24: 2. 반송용 봉투 및 우표 . 끝 | B24: 2. 청 구 서 | E24: 1 | F24: 부
B25: 3. 세 금 계 산 서 | E25: 1 | F25: 부 | G25: (e-mail 발송) 끝.
AQ29: =+AP29-M24 -> 0
A34: 하이테크 감정평가법인 주식회사
A35: 대표 김제프용진

Sheet 수수료계산(20%할인및정상)
